salto_id,type,title,dates,city,country,deadline_iso,deadline_raw,participants_countries,summary,url
15358,Training Course,STORY2SPEAK – Creative Autobiography for Youth Work,3-10 November 2026,Berlin,Germany,2026-10-07,7 October 2026,"Bulgaria, Germany, Italy, Slovak Republic, Spain","A hands-on Erasmus+ training for youth workers exploring creative autobiography, storytelling, Photovoice, theatre and digital storytelling as tools for identity, self-expression, inclusion and emotionally safe youth work.",https://www.salto-youth.net/tools/european-training-calendar/training/story2speak-creative-autobiography-for-youth-work.15358/
15381,Training Course,Common Ground: Linking Ecology and Peacebuilding,7-14 December 2026,,France,2026-10-07,7 October 2026,"Cyprus, France, Germany, Italy, KOSOVO * UN RESOLUTION, Portugal, Serbia, Spain","We aim to equip 32 youth workers with tools to connect ecology and peacebuilding, addressing climate change, conflict and social cohesion while strengthening peaceful, sustainable communities.",https://www.salto-youth.net/tools/european-training-calendar/training/common-ground-linking-ecology-and-peacebuilding.15381/
15380,Partnership-building Activity,A Drop Brings Change contact-making seminar,14-19 December 2026,"Câmara de Lobos, Madeira",Portugal,2026-10-07,7 October 2026,Erasmus+ Youth Programme countries,"A Drop Brings Change is a contact-making seminar in Madeira for NGO representatives ready to develop international projects connecting water awareness, environmental responsibility and active citizenship through peer exchange and non-formal learning.",https://www.salto-youth.net/tools/european-training-calendar/training/a-drop-brings-change-contact-making-seminar.15380/
15368,E-learning,Online Training Course for Youth Centre Coordinators,12-31 October 2026,Online,Romania,2026-10-09,9 October 2026,"Erasmus+ Youth Programme countries , Partner Countries Neighbouring the EU","This course is for youth workers and young people who want to develop the knowledge and practical skills to create, manage and sustain inclusive, impactful youth centres that respond effectively to young people’s needs.",https://www.salto-youth.net/tools/european-training-calendar/training/online-training-course-for-youth-centre-coordinators.15368/
15350,Training Course,Reconnecting 'U'th,4 November 2026,El Olmo - Berzosa de Lozoya,Spain,2026-10-09,9 October 2026,Erasmus+ Youth Programme countries,A place to raise self-awareness regarding my relationship with digitalization in my life and to discover what I wish to include—or not—in my daily approach and practice as a youth worker,https://www.salto-youth.net/tools/european-training-calendar/training/reconnecting-u-th.15350/
15374,Seminar,PDA: Rural Youth Work Lab in the heart of Rural Sardinia,29 October - 2 November 2026,Gavoi,Italy,2026-10-10,10 October 2026,Erasmus+ Youth Programme countries,"Join youth workers from across Europe in Gavoi, Sardinia! Exchange experiences, explore AI and rural youth work, discover new approaches and create connections that can grow into future partnerships and Erasmus+ projects.",https://www.salto-youth.net/tools/european-training-calendar/training/pda-rural-youth-work-lab-in-the-heart-of-rural-sardinia.15374/
15360,Conference – Symposium - Forum,"Final conference ''Innovators lab: GenZs Game-Based Peacebuilding""",2-4 November 2026,Penik,Bulgaria,2026-10-10,10 October 2026,"Erasmus+ Youth Programme countries , Partner Countries Neighbouring the EU",This event is designed as a comprehensive platform for the consortium to widely disseminate the results of their innovative work in game-based peace-building methodologies,https://www.salto-youth.net/tools/european-training-calendar/training/final-conference-innovators-lab-genzs-game-based-peacebuilding.15360/
15384,Partnership-building Activity,Arts of Prevention: Partnership-building activity,8-12 November 2026,Prague,Czech Republic,2026-10-10,10 October 2026,Erasmus+ Youth Programme countries,"A Partnership Building Activity for youth workers, project coordinators and artists who want to use creative and artistic approaches in prevention work with young people, and build new European cooperation.",https://www.salto-youth.net/tools/european-training-calendar/training/arts-of-prevention-partnership-building-activity.15384/
15216,Training Course,Youth Workers as Mental Health Supporters,27 November - 6 December 2026,Sakarya,Türkiye,2026-10-10,10 October 2026,"Poland, Portugal, Slovak Republic, Türkiye","“Youth Workers as Mental Health Supporters” empowers 28 youth workers through mental health, empathy, communication and digital literacy training, helping them combat misinformation and support young people’s well-being in their communities.",https://www.salto-youth.net/tools/european-training-calendar/training/youth-workers-as-mental-health-supporters.15216/
15393,Study Visit,BiCycle Project - Final Visit to Brussels,21-24 October 2026,Brussels,Belgium - FR,2026-10-10,10 October 2026,Spain,"BICYCLE brings young people and youth workers to Brussels to explore cycling, sustainable mobility and EU participation through visits, workshops and dialogue with European stakeholders.",https://www.salto-youth.net/tools/european-training-calendar/training/bicycle-project-final-visit-to-brussels.15393/
15411,Training Course,Europe Unlocked – Erasmus+ Training Course on EU Citizenship & Democratic Participation,20-28 October 2026,"Cahors, France (Auberge de Jeunesse HI Cahors – Le Chai)",France,2026-10-10,10 October 2026,Spain,"Erasmus+ Training Course in Cahors (France) on the EU, European citizenship & democratic participation, using non-formal education. 4 places for Spain. Food, lodging & materials fully covered; travel reimbursed. Working language: English.",https://www.salto-youth.net/tools/european-training-calendar/training/europe-unlocked-erasmus-training-course-on-eu-citizenship-democratic-participation.15411/
15288,Training Course,Europe Goes Local: Using Erasmus+ KA153 Mobility Projects to Strengthen Local Youth Work,8-10 December 2026,Belgrade,Serbia,2026-10-11,11 October 2026,"Austria, Belgium - FL, Bulgaria, Croatia, Czech Republic, Denmark, France, Germany, Greece, Hungary, Iceland, Ireland, Italy, Luxembourg, Norway, Portugal, Republic of North Macedonia, Romania, Serbia, Slovak Republic, Slovenia, Sweden, Switzerland",The training course is part of the Europe Goes Local and aims to support youth workers in developing project applications for Erasmus+ Mobility of Youth Workers (KA153) projects.,https://www.salto-youth.net/tools/european-training-calendar/training/europe-goes-local-using-erasmus-ka153-mobility-projects-to-strengthen-local-youth-work.15288/
15333,Training Course,UNLOCK LEARNING - Creative Learning Through Educational Escape Rooms,26 November - 2 December 2026,Torino,Italy,2026-10-11,11 October 2026,"Austria, Belgium - DE, Belgium - FL, Belgium - FR, Bulgaria, Croatia, Cyprus, Czech Republic, Denmark, Estonia, Finland, France, Germany, Greece, Hungary, Iceland, Ireland, Italy, Latvia, Liechtenstein, Lithuania, Luxembourg, Malta, Netherlands, Norway, Poland, Portugal, Republic of North Macedonia, Romania, Serbia, Slovak Republic, Slovenia, Spain, Sweden, Switzerland","International Training Course funded by ERASMUS+ accreditation of Giosef Torino, exploring creative escape rooms as tools for learning and engagement.",https://www.salto-youth.net/tools/european-training-calendar/training/unlock-learning-creative-learning-through-educational-escape-rooms.15333/
15304,Seminar,"""Inside Track"" Webinar Series by Youth@Work Partnership ""Unfiltered finance: breaking taboos and building economic autonomy with young people""",22 October 2026,Online,Spain,2026-10-11,11 October 2026,"Eastern Partnership countries , Erasmus+ Youth Programme countries , Western Balkan countries","Money is one of the most significant sources of daily stress for young people. So, this session focuses on practical ways to integrate financial education into your daily youth work.",https://www.salto-youth.net/tools/european-training-calendar/training/inside-track-webinar-series-by-youth-work-partnership-unfiltered-finance-breaking-taboos-and-building-economic-autonomy-with-young-people.15304/
15238,Training Course,From Idea to Impact - An Erasmus+ Youth and European Solidarity Corps Project Lab for Deaf and hard-of-hearing people and organisations,3-7 February 2027,Vienna,Austria,2026-10-11,11 October 2026,Erasmus+ Youth Programme countries,"Do you have a youth project idea and want Erasmus+ or European Solidarity Corps funding? Get support to develop it, choose the right format, and meaningfully involve Deaf or hard-of-hearing people.",https://www.salto-youth.net/tools/european-training-calendar/training/from-idea-to-impact-an-erasmus-youth-and-european-solidarity-corps-project-lab-for-deaf-and-hard-of-hearing-people-and-organisations.15238/
15369,Training Course,Youth Trainers Academy (YTA),28 November - 6 December 2026,Vilnius,Lithuania,2026-10-11,11 October 2026,"Erasmus+ Youth Programme countries , Other countries in the world , Partner Countries Neighbouring the EU","Ready to level up your trainer game? Join an international learning adventure where you’ll build practical training skills, grow your confidence, exchange ideas, meet inspiring people, and create real impact through youth work. Let’s go!",https://www.salto-youth.net/tools/european-training-calendar/training/youth-trainers-academy-yta.15369/
15329,Training Course,CONNECTING WITH NATURE: Nature-Based learning for Eco-friendly Youth Work,11-17 January 2027,Weimar,Germany,2026-10-11,11 October 2026,Erasmus+ Youth Programme countries,"The training supports youth workers in integrating nature-based learning and eco-friendly practices into their everyday work, strengthening competences in facilitation, activity design, reflection, and translating insights into practice.",https://www.salto-youth.net/tools/european-training-calendar/training/connecting-with-nature-nature-based-learning-for-eco-friendly-youth-work.15329/
15320,Training Course,Training for Mentors 2,2-6 November 2026,Ioannina,Greece,2026-10-11,11 October 2026,Erasmus+ Youth Programme countries,This training course focuses on developing the competences mentors need to effectively support young volunteers throughout their European Solidarity Corps (ESC) journey. The course aims to provide participants with practical tools and methods.,https://www.salto-youth.net/tools/european-training-calendar/training/training-for-mentors-2.15320/
15298,Training Course,Tools for Adventurous Education,16-21 November 2026,Ioannina,Greece,2026-10-11,11 October 2026,Erasmus+ Youth Programme countries,"This training course will offer an immersive experiential journey to the world of Inclusion through role playing, escape game mechanics, and a gamified educational approach of Greek mythology.",https://www.salto-youth.net/tools/european-training-calendar/training/tools-for-adventurous-education.15298/
15377,Training Course,“GreenComp in Action – Sustainability Skills for Youth Work and the Labour Market”,11-18 November 2026,Barcelona,Spain,2026-10-11,11 October 2026,"Germany, Italy, Poland, Portugal, Spain","Participants will understand how GreenComp can support youth work and employability. They will have explored the framework's four competence areas and 12 competences, gained practical tools for designing GreenComp-based non-formal education activities.",https://www.salto-youth.net/tools/european-training-calendar/training/greencomp-in-action-sustainability-skills-for-youth-work-and-the-labour-market.15377/
15376,Training Course,FACILITATE VISUALLY,10-17 November 2026,Pinos Genil (Granada),Spain,2026-10-11,11 October 2026,Erasmus+ Youth Programme countries,"Facilitate Visually is a training course on graphic facilitation and visual methods, offering practical tools to communicate ideas clearly, creatively and engagingly in education and youth work.",https://www.salto-youth.net/tools/european-training-calendar/training/facilitate-visually.15376/
15387,Training Course,Green Future: Developing young people’s green competences based on the GreenComp Framework,25 October - 3 November 2026,Zadar,Croatia,2026-10-12,12 October 2026,"Austria, Bosnia and Herzegovina, Croatia, Germany, Montenegro","This training equips youth workers with the GreenComp framework, helping them design non-formal, sustainability-focused activities that build young people's green competences and inspire local environmental action.""",https://www.salto-youth.net/tools/european-training-calendar/training/green-future-developing-young-people-s-green-competences-based-on-the-greencomp-framework.15387/
15386,Partnership-building Activity,Contact Seminar,17-19 November 2026,Iasi,Romania,2026-10-12,12 October 2026,Erasmus+ Youth Programme countries,"A contact seminar for youth workers and NGO decision-makers: organisational identity, target group, long-term planning, real follow-up, and new European partnerships. Iasi, Romania, 16-20 November 2026. Fully funded, 1-2 participants per country.",https://www.salto-youth.net/tools/european-training-calendar/training/contact-seminar.15386/
15388,Conference – Symposium - Forum,"International Conference ""European Network of Local Youth Councils (ENLYC) in the Digital Age""",8-12 December 2026,Lisbon,Portugal,2026-10-12,12 October 2026,Erasmus+ Youth Programme countries,"The international conference “European Network of Local Youth Councils (ENLYC) in the Digital Age” will gather 40 local youth council representatives and support staff for three days of dynamic exchange, digital innovation, and strategic collaboration.",https://www.salto-youth.net/tools/european-training-calendar/training/international-conference-european-network-of-local-youth-councils-enlyc-in-the-digital-age.15388/
15396,Training Course,"REEL: Reflection, Expression, Empathy and Learning through Film",14-21 November 2026,Tallinn,Estonia,2026-10-13,13 October 2026,"Estonia, Finland, Germany, Italy, Latvia, Lithuania, Poland, Portugal","REEL is an international training course on using films and short films as tools for non-formal youth education, focused on reflection, empathy, dialogue and inclusive learning spaces. TC will be in Russian.",https://www.salto-youth.net/tools/european-training-calendar/training/reel-reflection-expression-empathy-and-learning-through-film.15396/
15352,Training Course,FIND YOUR PRESENT,12-21 November 2026,Trakai district,Lithuania,2026-10-13,13 October 2026,"Greece, Hungary, Italy, Lithuania, Serbia, Spain","Find Your Present” is an Erasmus+ mobility project for youth workers focused on emotional well-being, self-reflection and creative approaches to working with young people.",https://www.salto-youth.net/tools/european-training-calendar/training/find-your-present.15352/
15404,Study Visit,"Seen, Heard & Supported: Creating pathways for NEET young people (not in employment, education or training)",16-20 November 2026,Meath,Ireland,2026-10-14,14 October 2026,"Austria, Belgium - DE, Belgium - FL, Belgium - FR, Bulgaria, Croatia, Czech Republic, Denmark, Estonia, Finland, France, Germany, Iceland, Ireland, Latvia, Luxembourg, Malta, Netherlands, Norway, Poland, Portugal, Spain, Sweden, Switzerland","Study Visit exploring how we can better engage and support young people who are not currently in education, employment or training (NEET). This call is for partners to participate in the Study Visit in Meath from 16th-20th November 2026",https://www.salto-youth.net/tools/european-training-calendar/training/seen-heard-supported-creating-pathways-for-neet-young-people-not-in-employment-education-or-training.15404/
15407,Conference – Symposium - Forum,Virtual Exchange - DevelopMENs,15 October 2026,Online - Zoom Platform,Italy,2026-10-14,14 October 2026,"Erasmus+ Youth Programme countries , Partner Countries Neighbouring the EU","Discover DevelopMENS! Join our webinar on 15 October, 16:00–17:00 CET, to explore our free learning platform on soft skills, critical thinking, media literacy and Self-Determination Theory, and exchange good practices with other participants.",https://www.salto-youth.net/tools/european-training-calendar/training/virtual-exchange-developmens.15407/
15162,Training Course,Training of Trainers on Being Civically Engaged,1-7 February 2027,"Coma-Ruga, Catalonia",Spain,2026-10-15,15 October 2026,"Austria, Belgium - DE, Belgium - FL, Belgium - FR, Bulgaria, Croatia, Cyprus, Czech Republic, Denmark, Estonia, Finland, France, Germany, Greece, Hungary, Iceland, Ireland, Italy, Latvia, Liechtenstein, Lithuania, Luxembourg, Malta, Netherlands, Norway, Poland, Portugal, Republic of North Macedonia, Romania, Serbia, Slovak Republic, Slovenia, Spain, Sweden","Join the certified and ETS-aligned course to strengthen trainers' competencies in being civically engaged, focusing on the civic role of the trainer, integrating values and beliefs, critical thinking, and democracy and human rights principles.",https://www.salto-youth.net/tools/european-training-calendar/training/training-of-trainers-on-being-civically-engaged.15162/
14942,Training Course,"""LIVING AND ORGANIZING IN OUR COMMUNITIES : Towards more justice, integrity, and tenderness""",7-18 December 2026,Piegros-la-Clastre,France,2026-10-15,15 October 2026,Erasmus+ Youth Programme countries,"This programme focuses on ✨how to build groups and communities that are resilient, able to weather disagreements, look after their members and adapt in the face of crises.✨",https://www.salto-youth.net/tools/european-training-calendar/training/living-and-organizing-in-our-communities-towards-more-justice-integrity-and-tenderness.14942/
15363,Training Course,Training Course Cohesive Youth Work,26-31 October 2026,Tulln/Vienna,Austria,2026-10-15,15 October 2026,"Austria, Slovak Republic","Join a two-phase Erasmus+ training in Tulln & Vienna to strengthen community cohesion through youth work. We welcome youth workers from Austria to gain practical tools, international experience, and design local impact projects.",https://www.salto-youth.net/tools/european-training-calendar/training/training-course-cohesive-youth-work.15363/
15399,Training Course,The Edge Within,4-12 November 2026,Nejdek,Czech Republic,2026-10-15,15 October 2026,"Czech Republic, Estonia, Italy, Latvia, Romania","The Edge Within is an experiential training for youth workers exploring how self-awareness, reflection, nature and creativity can strengthen resilience, authenticity and the way we accompany young people.",https://www.salto-youth.net/tools/european-training-calendar/training/the-edge-within.15399/
15313,Partnership-building Activity,Synapse: Connecting Networks for Impact,23-28 November 2026,Zaragoza,Spain,2026-10-15,15 October 2026,Erasmus+ Youth Programme countries,"“Synapse” is a Partnership Building Activity in Zaragoza, Spain (Nov 23-28, 2026) where organizations exchange good practices, connect, and design future Erasmus+ projects linking circular economy, art, social inclusion and non-formal education.",https://www.salto-youth.net/tools/european-training-calendar/training/synapse-connecting-networks-for-impact.15313/
15405,Training Course,Dive in. Foundations of conflict transformation at the interpersonal level,2-9 November 2026,Guriezo,Spain,2026-10-15,15 October 2026,"Erasmus+ Youth Programme countries , Other countries in the world , Partner Countries Neighbouring the EU","To equip 25 youth workers, youth leaders and activists with tools to transform conflicts into opportunities for dialogue and growth, fostering collaboration and building inclusive communities capable of addressing challenges.",https://www.salto-youth.net/tools/european-training-calendar/training/dive-in-foundations-of-conflict-transformation-at-the-interpersonal-level.15405/
15402,Training Course,Mastering Digital Tools in Non- Formal Education,5-14 December 2026,"Hotel Grand Noel, Bakuriani",Georgia,2026-10-15,15 October 2026,"France, Hungary, Slovak Republic",This project brings together youth workers to explore how digital tools can enhance non-formal education and youth work. A particular focus will be placed on digital gamification.,https://www.salto-youth.net/tools/european-training-calendar/training/mastering-digital-tools-in-non-formal-education.15402/
15408,Training Course,Youth Craft Mobility in the V4 region,22-26 October 2026,Dinnyési Templomkert és Hagyományőrző Központ,Hungary,2026-10-15,15 October 2026,Slovak Republic,ONLY FOR SK PARTICIPANTS We are looking for 5 participants interested in arts and crafts. Experienced Hungarian crafts trainers will teach group of international participants how to weave and create from corn husks and reed with some modern approaches.,https://www.salto-youth.net/tools/european-training-calendar/training/youth-craft-mobility-in-the-v4-region.15408/
15344,Conference – Symposium - Forum,PACT Online Conference,19 October 2026,Online (Zoom),Ukraine,2026-10-16,16 October 2026,"Armenia, Georgia, Greece, Italy, Lithuania, Moldova, Spain, Ukraine","PACT Final Online Conference: Empowering Youth Work through PFA & Creative Techniques. Discover the PFA Manual, Creative Toolkit & E-learning Platform built by 8 countries over 2 years. 19 Oct, 17:00 CET, online via Zoom. Free registration, open to all.",https://www.salto-youth.net/tools/european-training-calendar/training/pact-online-conference.15344/
15401,Training Course,Digital Content & Pedagogical Practices,26 November - 2 December 2026,Bansko,Bulgaria,2026-10-16,16 October 2026,"Erasmus+ Youth Programme countries , Partner Countries Neighbouring the EU","This course creates a space to explore the opportunities offered by digital content, artificial intelligence and automation in youth work and non-formal education.",https://www.salto-youth.net/tools/european-training-calendar/training/digital-content-pedagogical-practices.15401/
15262,E-learning,Wellness Navigators - Webinar Series,29 October 2026 - 28 February 2027,,Poland,2026-10-16,16 October 2026,"Erasmus+ Youth Programme countries , Other countries in the world , Partner Countries Neighbouring the EU","The webinars explore youth well-being through Body, Mind, Emotions and Connection, combining practical tools, experiential activities and approaches such as Nonviolent Communication, embodiment, mindfulness and creative methods.",https://www.salto-youth.net/tools/european-training-calendar/training/wellness-navigators-webinar-series.15262/
15365,Partnership-building Activity,"""European Network for Mental Health of Youth"" Partnership Building Activity",21-29 November 2026,Warsaw,Poland,2026-10-18,18 October 2026,"Eastern Partnership countries , Erasmus+ Youth Programme countries , Southern Mediterranean countries , Western Balkan countries","A Partnership Building Activity for youth workers and NGO representatives to exchange good practices, explore youth mental health and wellbeing, build international partnerships and develop future Erasmus+ projects.",https://www.salto-youth.net/tools/european-training-calendar/training/european-network-for-mental-health-of-youth-partnership-building-activity.15365/
15361,Partnership-building Activity,Online Partner Matching Lab for Youth Exchanges,4 November 2026,online,Finland,2026-10-18,18 October 2026,"Erasmus+ Youth Programme countries , Partner Countries Neighbouring the EU","Do you have a group of young people that are eager to plan and carry out a Youth Exchange, but you are missing the perfect partner(s)?",https://www.salto-youth.net/tools/european-training-calendar/training/online-partner-matching-lab-for-youth-exchanges.15361/
15418,Conference – Symposium - Forum,Webinar - Presentation of the Consent Toolkit,20 October 2026,,France,2026-10-19,19 October 2026,"Erasmus+ Youth Programme countries , Other countries in the world , Partner Countries Neighbouring the EU","After two years of work within the Consent for Youth project, we’re excited to finally invite you to the launch webinar of the Consent Toolkit!",https://www.salto-youth.net/tools/european-training-calendar/training/webinar-presentation-of-the-consent-toolkit.15418/
15394,Training Course,Advocacy and Lobbying for international youth work,17 November 2026 - 16 April 2027,online + Chisinau,Moldova,2026-10-20,20 October 2026,"United Kingdom, Eastern Partnership countries , Erasmus+ Youth Programme countries , Southern Mediterranean countries , Western Balkan countries",The activity aims to develop capacities of the experienced youth organisations to advocate and lobby in favour of international youth cooperation (the youth cooperation between the European Union and its neighbouring partner countries).,https://www.salto-youth.net/tools/european-training-calendar/training/advocacy-and-lobbying-for-international-youth-work.15394/
15420,Training Course,Youth Work Off Autopilot,30 October - 7 November 2026,"Izvoare, Harghita",Romania,2026-10-20,20 October 2026,Erasmus+ Youth Programme countries,"A hands-on training course for people working with young people, exploring attention, AI and digital habits, and how to practise intentional, present youth work in a hyperconnected world.",https://www.salto-youth.net/tools/european-training-calendar/training/youth-work-off-autopilot.15420/
15366,Partnership-building Activity,PBA Partners UP!,9-16 December 2026,Zebrzydowice,Poland,2026-10-20,20 October 2026,Erasmus+ Youth Programme countries,Partners Up! is an international Partnership Building Activity designed for organisations who want to move beyond networking and develop meaningful European cooperation projects together.,https://www.salto-youth.net/tools/european-training-calendar/training/pba-partners-up.15366/
15317,Training Course,Volunteering for ALL - Slovakia December 2026,7-11 December 2026,,Slovak Republic,2026-10-21,21 October 2026,"Armenia, Belarus, Georgia, Moldova, Ukraine, Erasmus+ Youth Programme countries",Did you know you can get funding for volunteering projects for young people from disadvantaged backgrounds?,https://www.salto-youth.net/tools/european-training-calendar/training/volunteering-for-all-slovakia-december-2026.15317/
15421,Training Course,2nd Winter Youth Work Academy,21-27 November 2026,Rabka - Zdroj,Poland,2026-10-21,21 October 2026,"Austria, Belgium - DE, Belgium - FL, Belgium - FR, Bulgaria, Croatia, Cyprus, Czech Republic, Denmark, Estonia, Finland, France, Georgia, Germany, Greece, Hungary, Iceland, Ireland, Italy, Latvia, Liechtenstein, Lithuania, Malta, Moldova, Netherlands, Norway, Poland, Portugal, Romania, Serbia, Slovak Republic, Slovenia, Spain, Sweden, Switzerland, Ukraine","2nd Winter Youth Work Academy is a continuation of the first edition, held in December 2025, and focuses on the quality and practice of the youth - worker profession.",https://www.salto-youth.net/tools/european-training-calendar/training/2nd-winter-youth-work-academy.15421/
15383,Training Course,Training Course “Youth Exchanges for Youth ” 5th Edition - YOU for YOU 5,25 November - 3 December 2026,"Vic, Barcelona",Spain,2026-10-21,21 October 2026,Erasmus+ Youth Programme countries,"Fifth edition of a project designed to enhance participants’ knowledge in non-formal education, specifically regarding youth exchange projects (KA152-YOU) and international mobilities.",https://www.salto-youth.net/tools/european-training-calendar/training/training-course-youth-exchanges-for-youth-5th-edition-you-for-you-5.15383/
15423,Training Course,“Emotional intelligence in Action” -from individual empowerment to collective wellbeing-,20-27 November 2026,Barcelona,Spain,2026-10-23,23 October 2026,"Germany, Italy, Poland, Portugal, Spain","Participants will strengthen their emotional intelligence through SEL workshops, create supportive and inclusive environments using their EI competences and know how to facilitate youth participation initiatives.",https://www.salto-youth.net/tools/european-training-calendar/training/emotional-intelligence-in-action-from-individual-empowerment-to-collective-wellbeing.15423/
15284,Training Course,Humour is Serious Business,27 November - 3 December 2026,Hollókő,Hungary,2026-10-24,24 October 2026,"Armenia, Croatia, Hungary, Latvia, Montenegro, Poland, Portugal, Serbia, Spain","Turning humour into a deliberate, ethical tool for engaging young people more effectively. Non-formal methods, cultural reflection on humour, and concrete post-programme actions to bring back to your practice.",https://www.salto-youth.net/tools/european-training-calendar/training/humour-is-serious-business.15284/
15416,E-learning,Massive Open Online Course on European Solidarity Corps 2026,26 October - 30 November 2026,HOP Online Platform,Ireland,2026-10-24,24 October 2026,"Erasmus+ Youth Programme countries , Other countries in the world , Partner Countries Neighbouring the EU","A free and open online course for everyone interested in exploring European Solidarity Corps (ESC). During the 8-week course, you will discover how you can use ALL the opportunities that the Programme has to offer.",https://www.salto-youth.net/tools/european-training-calendar/training/massive-open-online-course-on-european-solidarity-corps-2026.15416/
15412,Training Course,My Career = My Future,6-13 December 2026,Bakuriani,Georgia,2026-10-25,25 October 2026,"Armenia, Germany, Spain",The project is bringing together 24 young people to engage in non-formal education and to empower young leaders with the tools and knowledge to thoughtfully plan their careers through self-discovery and motivation-building.,https://www.salto-youth.net/tools/european-training-calendar/training/my-career-my-future.15412/
15372,Training Course,Introduction training for newcomers to Youth Exchanges - BiTriMulti,8-12 December 2026,"Youth Centre Hyvärilä, Nurmes",Finland,2026-10-25,25 October 2026,Erasmus+ Youth Programme countries,This training course takes you through the different stages of setting up and running a quality Youth Exchange project. The training is designed for newcomers to Youth Exchanges and Erasmus+.,https://www.salto-youth.net/tools/european-training-calendar/training/introduction-training-for-newcomers-to-youth-exchanges-bitrimulti.15372/
15330,E-learning,Create with Makey Makey: Turning Everyday Objects into Interactive Learning,1-30 November 2026,Zoom,Greece,2026-10-26,26 October 2026,"Erasmus+ Youth Programme countries , Other countries in the world , Partner Countries Neighbouring the EU","Participants will explore how everyday objects and simple conductive materials can become interactive learning tools and will discover practical ways to integrate Makey Makey, Scratch and STEAM into youth work.",https://www.salto-youth.net/tools/european-training-calendar/training/create-with-makey-makey-turning-everyday-objects-into-interactive-learning.15330/
15422,Training Course,NextGen Facilitators,11-19 December 2026,Zamárdi,Hungary,2026-10-28,28 October 2026,"Austria, Croatia, Czech Republic, Estonia, Greece, Hungary, Italy, Poland, Portugal, Republic of North Macedonia, Romania, Spain","Ready to step up from participant to facilitator? Join our 7-day training course to master non-formal workshop design, handle tricky group dynamics, and kickstart your project organizer journey with digital tools and responsible AI!",https://www.salto-youth.net/tools/european-training-calendar/training/nextgen-facilitators.15422/
15391,E-learning,Sustainable Project Management,5-26 November 2026,Online,Portugal,2026-10-29,29 October 2026,"Erasmus+ Youth Programme countries , Other countries in the world , Partner Countries Neighbouring the EU","Participants will learn how to assess and manage the sustainability impacts of digital projects, including resource allocation, waste reduction, and energy efficiency.",https://www.salto-youth.net/tools/european-training-calendar/training/sustainable-project-management.15391/
15390,Training Course,Mental health in youth work Training Course,22-26 March 2027,Brussels,Belgium - FR,2026-10-31,31 October 2026,"Armenia, Azerbaijan, Georgia, Moldova, Ukraine, Erasmus+ Youth Programme countries , Southern Mediterranean countries , Western Balkan countries","The training provides a foundation for understanding how youth workers can strengthen and support young people’s mental health, wellbeing, and resilience; aimed for youth workers who work directly with young people in youth work settings.",https://www.salto-youth.net/tools/european-training-calendar/training/mental-health-in-youth-work-training-course.15390/
15413,Seminar,Action for Peace,4-8 December 2026,"El Casar de la Inesa, Toledo, Spain",Spain,2026-10-31,31 October 2026,"Erasmus+ Youth Programme countries , Other countries in the world , Partner Countries Neighbouring the EU","UWC Spain invites 60 young people to ActionxPeace, a bilingual English-Spanish programme (4-8 Dec 2026). Through experiential learning, participants explore identity, empathy, conflict transformation and peacebuilding while developing leadership skills.",https://www.salto-youth.net/tools/european-training-calendar/training/action-for-peace.15413/
15355,Training Course,Strengthening Mentoring in the European Solidarity Corps. Training of Trainers and Multipliers,8-13 February 2027,Paris,France,2026-11-04,4 November 2026,"Erasmus+ Youth Programme countries , Partner Countries Neighbouring the EU","Strengthening Mentoring in European Solidarity Corps is a training course for trainers and multipliers who want to support organisations and mentors in developing stronger mentoring systems, using the Mentoring Competence Framework as the main tool.",https://www.salto-youth.net/tools/european-training-calendar/training/strengthening-mentoring-in-the-european-solidarity-corps-training-of-trainers-and-multipliers.15355/
15395,Training Course,"OFF SCRIPT “ THROUGH AN EGYPTIAN LENS “ 20-24 November 2026 | Cairo, Egypt",20-24 November 2026,Cairo,Egypt,2026-11-05,5 November 2026,"Erasmus+ Youth Programme countries , Other countries in the world , Partner Countries Neighbouring the EU","By the end of the training, participants will be able to develop, design, and execute a complete digital communication campaign using social media strategy, while applying principles of audience engagement and digital communication.",https://www.salto-youth.net/tools/european-training-calendar/training/off-script-through-an-egyptian-lens-20-24-november-2026-cairo-egypt.15395/
15410,Training Course,Unlocking Learning: neuroeducation in youth work,9-17 December 2026,"Villa Royale, Markutiskes",Lithuania,2026-11-07,7 November 2026,"Bulgaria, Estonia, Latvia, Lithuania, Romania, Spain","The project aim to develop youth workers' competencies in neuroeducation, empowering them to create more engaging, structured, and impactful activities tailored to the diverse learning styles and needs of the groups of young people they work with.",https://www.salto-youth.net/tools/european-training-calendar/training/unlocking-learning-neuroeducation-in-youth-work.15410/
15397,Conference – Symposium - Forum,Equal Ground Q1: Meaningful Participation — Beyond the Seat at the Table,10 November 2026,Online,Poland,2026-11-09,9 November 2026,"Erasmus+ Youth Programme countries , Other countries in the world , Partner Countries Neighbouring the EU","A participatory online seminar exploring meaningful participation beyond the seat at the table, with youth workers and changemakers examining how lived experience can influence decisions, policies and action.",https://www.salto-youth.net/tools/european-training-calendar/training/equal-ground-q1-meaningful-participation-beyond-the-seat-at-the-table.15397/
15415,Training Course,Embodied Belonging,18-29 January 2027,,Latvia,2026-12-04,4 December 2026,"France, Italy, Latvia, Slovenia, Spain","""Embodied Belonging"" is an Erasmus+ training in Latvia exploring eco-somatics, movement, and nature connection. For youth workers to cultivate presence, nervous system regulation, and grounded belonging to support youth well-being.",https://www.salto-youth.net/tools/european-training-calendar/training/embodied-belonging.15415/
15385,Training Course,Life in It Training Course,11-20 December 2026,Hamburg,Germany,2026-12-10,10 December 2026,"Czech Republic, Germany, Greece, Italy, Latvia, Poland, Romania, Slovak Republic","Life in It is a two-part Erasmus+ media training for youth workers and educators, combining practical filmmaking, storytelling and short-form video in Germany and Greece, with local practice between the two phases.",https://www.salto-youth.net/tools/european-training-calendar/training/life-in-it-training-course.15385/
15409,Training Course,"Move, Play, Create : Circus and Physical Theatre as Tools for Youth Work",1-7 February 2027,Brežice,Slovenia,2026-12-18,18 December 2026,"Bulgaria, Czech Republic, Denmark, France, Germany, Greece, Italy, Poland, Portugal, Serbia, Slovenia, Spain, Türkiye","A practical training for youth workers to discover circus and theatre as tools for non-formal education, exploring accessible activities that foster creativity, confidence, cooperation and social connection.",https://www.salto-youth.net/tools/european-training-calendar/training/move-play-create-circus-and-physical-theatre-as-tools-for-youth-work.15409/
15309,Training Course,ICT&SM 4.0: Advancing Digital Youth Work for Civic Engagement,12-20 February 2027,Hemmersheim,Germany,2026-12-29,29 December 2026,"Cyprus, Czech Republic, Germany, Italy, Norway, Serbia",The project is designed to equip youth workers with digital skills and tools to strengthen civic participation and engage young people through Information and Communication Technology (ICT).,https://www.salto-youth.net/tools/european-training-calendar/training/ict-sm-4-0-advancing-digital-youth-work-for-civic-engagement.15309/
15346,Conference – Symposium - Forum,"From Lived Experience to Opportunity, Knowledge and Action: European Dialogue & Capacity-Building Forum 2027",23-24 April 2027,Warsaw,Poland,2027-03-09,9 March 2027,"Erasmus+ Youth Programme countries , Other countries in the world , Partner Countries Neighbouring the EU","A European dialogue bringing together young refugees, migrants and stateless changemakers, youth workers, researchers and institutions to explore participation, access to opportunities, community knowledge and youth-led action.",https://www.salto-youth.net/tools/european-training-calendar/training/from-lived-experience-to-opportunity-knowledge-and-action-european-dialogue-capacity-building-forum-2027.15346/
15241,Training Course,Heritage Revised — New Media Approaches to Heritage Awareness in Youth Work,23-29 August 2027,,Romania,2027-05-31,31 May 2027,"Erasmus+ Youth Programme countries , Partner Countries Neighbouring the EU","In Heritage Revised, youth trainers will experiment with VR, AR, 360° storytelling, interactive projection, digital storytelling, gamification and AI-supported creative tools.",https://www.salto-youth.net/tools/european-training-calendar/training/heritage-revised-new-media-approaches-to-heritage-awareness-in-youth-work.15241/
11591,E-learning,Youth+: How to help youth with fewer/less opportunities grow in volunteering projects,14 October 2032 - 1 October 2033,,Hungary,2032-09-30,30 September 2032,"Erasmus+ Youth Programme countries , Other countries in the world , Partner Countries Neighbouring the EU","An online course for youth workers to learn: - how to approach a group of youth with fewer opportunities, - how to involve them, to create their own volunteering project to help a community in need, - how to train, coach, mentor and support them.",https://www.salto-youth.net/tools/european-training-calendar/training/youth-how-to-help-youth-with-fewer-less-opportunities-grow-in-volunteering-projects.11591/
15005,E-learning,Ladder to Inclusion - Create Safer International Mobilities for Highly Vulnerable Young People Online Course,1 January 2033 - 2 January 2034,Online,Hungary,2032-12-27,27 December 2032,"Erasmus+ Youth Programme countries , Other countries in the world , Partner Countries Neighbouring the EU","How can international youth mobility become truly safe, inclusive, and empowering for Highly Vulnerable Young People? This self-paced course equips youth workers with practical tools, trauma-informed approaches, and safeguarding competencies for mobility.",https://www.salto-youth.net/tools/european-training-calendar/training/ladder-to-inclusion-create-safer-international-mobilities-for-highly-vulnerable-young-people-online-course.15005/
14690,Training Course,Connecting garden,15-23 July 2926,,France,2926-06-01,1 June 2926,"Armenia, France, Georgia, Greece, Italy, Lithuania, Romania, Spain, Türkiye","This is a training course to get to learn how to accompany young people to create a natural space for nature reconnection, self and other reconnection.",https://www.salto-youth.net/tools/european-training-calendar/training/connecting-garden.14690/
